<code_scheme name="AGH-Inf" version="173">
  <option name="SOFT_MARGINS" value="80" />
  <Objective-C>
    <option name="SPACE_BEFORE_POINTER_IN_DECLARATION" value="false" />
    <option name="SPACE_AFTER_POINTER_IN_DECLARATION" value="true" />
    <option name="SPACE_BEFORE_REFERENCE_IN_DECLARATION" value="false" />
    <option name="SPACE_AFTER_REFERENCE_IN_DECLARATION" value="true" />
  </Objective-C>
  <Objective-C-extensions>
    <extensions>
      <pair source="cpp" header="hpp" fileNamingConvention="NONE" />
      <pair source="c" header="h" fileNamingConvention="NONE" />
    </extensions>
  </Objective-C-extensions>
</code_scheme>